{
    "custom_trains":{
        "customyuunitetsu507": {
           "name":"Yuunitetsu 507 Series",
            "description":"My Custom Train Description",
            "wikipedia_article":"",
            "color":"83A923",
            "gangway_connection_id":"",
            "train_barrier_id":"",
            "door_animation_type":"MLR",
            "render_door_overlay":false,
            "rider_offset":0.0,
            "bve_sound_base_id":"e233",
            "texture_id":"mtr:customyuunitetsu507/customyuunitetsu507",
            "model":"mtr:customyuunitetsu507/customyuunitetsu507.bbmodel",
            "model_properties":"mtr:customyuunitetsu507/customyuunitetsu507.json"
        },
        "yuunitetsu507_5cars": {
            "name":"Yuunitetsu 507 Series 5-Cars",
            "description":"My Custom Train Description",
            "wikipedia_article":"",
            "color":"839AF",
            "gangway_connection_id":"",
            "train_barrier_id":"",
            "door_animation_type":"MLR",
            "render_door_overlay":false,
            "rider_offset":0.0,
            "bve_sound_base_id":"e233",
            "texture_id":"mtr:yuunitetsu507_5cars/yuunitetsu507_5cars",
            "model":"mtr:yuunitetsu507_5cars/yuunitetsu507_5cars.bbmodel",
            "model_properties":"mtr:yuunitetsu507_5cars/yuunitetsu507_5cars.json"
        }
    }
}