{"custom_trains":{"yuunitetsu_507_series_2":{"name":"Yuunitetsu 507 Series (2)(2M2T)","description":"507_2M2T","wikipedia_article":"","color":"FFC9B5","gangway_connection_id":"","train_barrier_id":"","door_animation_type":"STANDARD","render_door_overlay":false,"rider_offset":0.0,"bve_sound_base_id":"e233","texture_id":"mtr:yuunitetsu_507_series_2/yuunitetsu_507_series_2","model":"mtr:yuunitetsu_507_series_2/yuunitetsu_507_series_2.bbmodel","model_properties":"mtr:yuunitetsu_507_series_2/yuunitetsu_507_series_2.json"}}}