{"custom_trains":{"yuunitetsu_502se_series_6":{"name":"Yuunitetsu 502(SE) Series (6)(Let's Play)","description":"Let's Play Only,Yuunitetsu Yuugaku Line,UD502-11,UD502-12","wikipedia_article":"wiki.yuuni.org","color":"FFC9B5","gangway_connection_id":"","train_barrier_id":"","door_animation_type":"MLR","render_door_overlay":false,"rider_offset":0.0,"bve_sound_base_id":"yuunitetsu_502se_series","texture_id":"mtr:yuunitetsu_502se_series_6/yuunitetsu_502se_series_6","model":"mtr:yuunitetsu_502se_series_6/yuunitetsu_502se_series_6.bbmodel","model_properties":"mtr:yuunitetsu_502se_series_6/yuunitetsu_502se_series_6.json"}}}