{
    "yuunitetsu_502se_series_b0":{ "sounds": [{ "name": "mtr:yuunitetsu_502se_series/b0", "attenuation_distance": 32 }] },
    "yuunitetsu_502se_series_b1":{ "sounds": [{ "name": "mtr:yuunitetsu_502se_series/b1", "attenuation_distance": 32 }] },
    "yuunitetsu_502se_series_doorcls":{ "sounds": [{ "name": "mtr:yuunitetsu_502se_series/doorcls",	"pitch": 1, "attenuation_distance": 32 }] },
    "yuunitetsu_502se_series_dooropn":{ "sounds": [{ "name": "mtr:yuunitetsu_502se_series/dooropn",	"pitch": 1, "attenuation_distance": 32 }] },
    "yuunitetsu_502se_series_loop":{ "sounds": [{ "name": "mtr:yuunitetsu_502se_series/loop", "attenuation_distance": 32 }] },
    "yuunitetsu_502se_series_motor0":{ "sounds": [{ "name": "mtr:yuunitetsu_502se_series/motor0", "attenuation_distance": 32 }] },
    "yuunitetsu_502se_series_motor1":{ "sounds": [{ "name": "mtr:yuunitetsu_502se_series/motor1", "attenuation_distance": 32 }] },
    "yuunitetsu_502se_series_point":{ "sounds": [{ "name": "mtr:yuunitetsu_502se_series/point", "attenuation_distance": 32 }] },
    "yuunitetsu_502se_series_rub":{ "sounds": [{ "name": "mtr:yuunitetsu_502se_series/rub", "attenuation_distance": 32 }] },
    "yuunitetsu_502se_series_run":{ "sounds": [{ "name": "mtr:yuunitetsu_502se_series/run", "attenuation_distance": 32 }] }
}