{
    "e233_motor15": {
        
        "sounds": [
            {
                "name": "mtr:e233/motor15",
                "pitch": 1,
                "attenuation_distance": 32
            }
        ]
    },
    "e233_cpend": {
        
        "sounds": [
            {
                "name": "mtr:e233/cpend",
                
                "pitch": 1,
                "attenuation_distance": 32
            }
        ]
    },
    "e233_cploop": {
        
        "sounds": [
            {
                "name": "mtr:e233/cploop",
                
                "pitch": 1,
                "attenuation_distance": 32
            }
        ]
    },
    "e233_cpstart": {
        
        "sounds": [
            {
                "name": "mtr:e233/cpstart",
                
                "pitch": 1,
                "attenuation_distance": 32
            }
        ]
    },
    "e233_emr": {
        
        "sounds": [
            {
                "name": "mtr:e233/emr",
                
                "pitch": 1,
                "attenuation_distance": 32
            }
        ]
    },
    "e233_air": {
        
        "sounds": [
            {
                "name": "mtr:e233/air",
                
                "pitch": 1,
                "attenuation_distance": 32
            }
        ]
    },
    "e233_run1": {
        
        "sounds": [
            {
                "name": "mtr:e233/run1",
                
                "pitch": 1,
                "attenuation_distance": 32
            }
        ]
    },
    "e233_run4": {
        
        "sounds": [
            {
                "name": "mtr:e233/run4",
                
                "pitch": 1,
                "attenuation_distance": 32
            }
        ]
    },
    "e233_run3": {
        
        "sounds": [
            {
                "name": "mtr:e233/run3",
                
                "pitch": 1,
                "attenuation_distance": 32
            }
        ]
    },
    "e233_run2": {
        
        "sounds": [
            {
                "name": "mtr:e233/run2",
                
                "pitch": 1,
                "attenuation_distance": 32
            }
        ]
    },
    "e233_run0": {
        
        "sounds": [
            {
                "name": "mtr:e233/run0",
                
                "pitch": 1,
                "attenuation_distance": 32
            }
        ]
    },
    "e233_notch": {
        
        "sounds": [
            {
                "name": "mtr:e233/notch",
                
                "pitch": 1,
                "attenuation_distance": 32
            }
        ]
    },
    "e233_klaxon2": {
        
        "sounds": [
            {
                "name": "mtr:e233/klaxon2",
                
                "pitch": 1,
                "attenuation_distance": 32
            }
        ]
    },
    "e233_leave": {
        
        "sounds": [
            {
                "name": "mtr:e233/leave",
                
                "pitch": 1,
                "attenuation_distance": 32
            }
        ]
    },
    "e233_adjust": {
        
        "sounds": [
            {
                "name": "mtr:e233/adjust",
                
                "pitch": 1,
                "attenuation_distance": 32
            }
        ]
    },
    "e233_klaxon1": {
        
        "sounds": [
            {
                "name": "mtr:e233/klaxon1",
                
                "pitch": 1,
                "attenuation_distance": 32
            }
        ]
    },
    "e233_eb": {
        
        "sounds": [
            {
                "name": "mtr:e233/eb",
                
                "pitch": 1,
                "attenuation_distance": 32
            }
        ]
    },
    "e233_klaxon0": {
        
        "sounds": [
            {
                "name": "mtr:e233/klaxon0",
                
                "pitch": 1,
                "attenuation_distance": 32
            }
        ]
    },
    "e233_klaxon0release": {
        
        "sounds": [
            {
                "name": "mtr:e233/klaxon0release",
                
                "pitch": 1,
                "attenuation_distance": 32
            }
        ]
    },
    "e233_flange0": {
        
        "sounds": [
            {
                "name": "mtr:e233/flange0",
                
                "pitch": 1,
                "attenuation_distance": 32
            }
        ]
    },
    "e233_flange1": {
        
        "sounds": [
            {
                "name": "mtr:e233/flange1",
                
                "pitch": 1,
                "attenuation_distance": 32
            }
        ]
    },
    "e233_run6": {
        
        "sounds": [
            {
                "name": "mtr:e233/run6",
                
                "pitch": 1,
                "attenuation_distance": 32
            }
        ]
    },
    "e233_dooropn": {
        
        "sounds": [
            {
                "name": "mtr:e233/dooropn",
                
                "pitch": 1,
                "attenuation_distance": 32
            }
        ]
    },
    "e233_doorcls": {
        
        "sounds": [
            {
                "name": "mtr:e233/doorcls",
                
                "pitch": 1,
                "attenuation_distance": 32
            }
        ]
    },
    "e233_run5": {
        
        "sounds": [
            {
                "name": "mtr:e233/run5",
                
                "pitch": 1,
                "attenuation_distance": 32
            }
        ]
    },
    "e233_run7": {
        
        "sounds": [
            {
                "name": "mtr:e233/run7",
                
                "pitch": 1,
                "attenuation_distance": 32
            }
        ]
    },
    "e233_ding": {
        
        "sounds": [
            {
                "name": "mtr:e233/ding",
                
                "pitch": 1,
                "attenuation_distance": 32
            }
        ]
    },
    "e233_revon": {
        
        "sounds": [
            {
                "name": "mtr:e233/revon",
                
                "pitch": 1,
                "attenuation_distance": 32
            }
        ]
    },
    "e233_revoff": {
        
        "sounds": [
            {
                "name": "mtr:e233/revoff",
                
                "pitch": 1,
                "attenuation_distance": 32
            }
        ]
    },
    "e233_atscnt": {
        
        "sounds": [
            {
                "name": "mtr:e233/atscnt",
                
                "pitch": 1,
                "attenuation_distance": 32
            }
        ]
    },
    "e233_ats": {
        
        "sounds": [
            {
                "name": "mtr:e233/ats",
                
                "pitch": 1,
                "attenuation_distance": 32
            }
        ]
    },
    "e233_point": {
        
        "sounds": [
            {
                "name": "mtr:e233/point",
                
                "pitch": 1,
                "attenuation_distance": 32
            }
        ]
    },
    "e233_springl": {
        
        "sounds": [
            {
                "name": "mtr:e233/springl",
                
                "pitch": 1,
                "attenuation_distance": 32
            }
        ]
    },
    "e233_springr": {
        
        "sounds": [
            {
                "name": "mtr:e233/springr",
                
                "pitch": 1,
                "attenuation_distance": 32
            }
        ]
    },
    "e233_motor4": {
        
        "sounds": [
            {
                "name": "mtr:e233/motor4",
                
                "pitch": 1,
                "attenuation_distance": 32
            }
        ]
    },
    "e233_motor5": {
        
        "sounds": [
            {
                "name": "mtr:e233/motor5",
                
                "pitch": 1,
                "attenuation_distance": 32
            }
        ]
    },
    "e233_motor6": {
        
        "sounds": [
            {
                "name": "mtr:e233/motor6",
                
                "pitch": 1,
                "attenuation_distance": 32
            }
        ]
    },
    "e233_motor8": {
        
        "sounds": [
            {
                "name": "mtr:e233/motor8",
                
                "pitch": 1,
                "attenuation_distance": 32
            }
        ]
    },
    "e233_motor3": {
        
        "sounds": [
            {
                "name": "mtr:e233/motor3",
                
                "pitch": 1,
                "attenuation_distance": 32
            }
        ]
    },
    "e233_loop": {
        
        "sounds": [
            {
                "name": "mtr:e233/loop",
                
                "pitch": 1,
                "attenuation_distance": 32
            }
        ]
    },
    "e233_motor1": {
        
        "sounds": [
            {
                "name": "mtr:e233/motor1",
                
                "pitch": 1,
                "attenuation_distance": 32
            }
        ]
    },
    "e233_motor0": {
        
        "sounds": [
            {
                "name": "mtr:e233/motor0",
                
                "pitch": 1,
                "attenuation_distance": 32
            }
        ]
    },
    "e233_motor14": {
        
        "sounds": [
            {
                "name": "mtr:e233/motor14",
                
                "pitch": 1,
                "attenuation_distance": 32
            }
        ]
    },
    "e233_motor12": {
        
        "sounds": [
            {
                "name": "mtr:e233/motor12",
                
                "pitch": 1,
                "attenuation_distance": 32
            }
        ]
    },
    "e233_motor11": {
        
        "sounds": [
            {
                "name": "mtr:e233/motor11",
                
                "pitch": 1,
                "attenuation_distance": 32
            }
        ]
    },
    "e233_motor7": {
        
        "sounds": [
            {
                "name": "mtr:e233/motor7",
                
                "pitch": 1,
                "attenuation_distance": 32
            }
        ]
    },
    "e233_airhigh": {
        
        "sounds": [
            {
                "name": "mtr:e233/airhigh",
                
                "pitch": 1,
                "attenuation_distance": 32
            }
        ]
    },
    "e233_airzero": {
        
        "sounds": [
            {
                "name": "mtr:e233/airzero",
                
                "pitch": 1,
                "attenuation_distance": 32
            }
        ]
    },
    "e233_motor2": {
        
        "sounds": [
            {
                "name": "mtr:e233/motor2",
                
                "pitch": 1,
                "attenuation_distance": 32
            }
        ]
    },
    "keihatsu1": {
        
        "sounds": [
            {
                "name": "mtr:announce/keihatsu1",
                
                "pitch": 1,
                "attenuation_distance": 32
            }
        ]
    },
    "keihatsu2": {
        
        "sounds": [
            {
                "name": "mtr:announce/keihatsu2",
                
                "pitch": 1,
                "attenuation_distance": 32
            }
        ]
    },
    "keihatsu3": {
        
        "sounds": [
            {
                "name": "mtr:announce/keihatsu3",
                
                "pitch": 1,
                "attenuation_distance": 32
            }
        ]
    },
    "1": {
        
        "sounds": [
            {
                "name": "mtr:announce/1",
                
                "pitch": 1,
                "attenuation_distance": 32
            }
        ]
    },
    "2": {
        
        "sounds": [
            {
                "name": "mtr:announce/2",
                
                "pitch": 1,
                "attenuation_distance": 32
            }
        ]
    },
    "3": {
        
        "sounds": [
            {
                "name": "mtr:announce/3",
                
                "pitch": 1,
                "attenuation_distance": 32
            }
        ]
    },
    "3-1": {
        
        "sounds": [
            {
                "name": "mtr:announce/3-1",
                
                "pitch": 1,
                "attenuation_distance": 32
            }
        ]
    },
    "3-2": {
        
        "sounds": [
            {
                "name": "mtr:announce/3-2",
                
                "pitch": 1,
                "attenuation_distance": 32
            }
        ]
    },
    "4-1": {
        
        "sounds": [
            {
                "name": "mtr:announce/4-1",
                
                "pitch": 1,
                "attenuation_distance": 32
            }
        ]
    },
    "4-2": {
        
        "sounds": [
            {
                "name": "mtr:announce/4-2",
                
                "pitch": 1,
                "attenuation_distance": 32
            }
        ]
    },
    "4-3": {
        
        "sounds": [
            {
                "name": "mtr:announce/4-3",
                
                "pitch": 1,
                "attenuation_distance": 32
            }
        ]
    },
    "5": {
        
        "sounds": [
            {
                "name": "mtr:announce/5",
                
                "pitch": 1,
                "attenuation_distance": 32
            }
        ]
    },
    "6": {
        
        "sounds": [
            {
                "name": "mtr:announce/6",
                
                "pitch": 1,
                "attenuation_distance": 32
            }
        ]
    },
    "7": {
        
        "sounds": [
            {
                "name": "mtr:announce/7",
                
                "pitch": 1,
                "attenuation_distance": 32
            }
        ]
    },
    "8": {
        
        "sounds": [
            {
                "name": "mtr:announce/8",
                
                "pitch": 1,
                "attenuation_distance": 32
            }
        ]
    },
    "8-1": {
        
        "sounds": [
            {
                "name": "mtr:announce/8-1",
                
                "pitch": 1,
                "attenuation_distance": 32
            }
        ]
    },
    "8-2": {
        
        "sounds": [
            {
                "name": "mtr:announce/8-2",
                
                "pitch": 1,
                "attenuation_distance": 32
            }
        ]
    },
    "8-3": {
        
        "sounds": [
            {
                "name": "mtr:announce/8-3",
                
                "pitch": 1,
                "attenuation_distance": 32
            }
        ]
    },
    "8-4": {
        
        "sounds": [
            {
                "name": "mtr:announce/8-4",
                
                "pitch": 1,
                "attenuation_distance": 32
            }
        ]
    },
    "8-5": {
        
        "sounds": [
            {
                "name": "mtr:announce/8-5",
                
                "pitch": 1,
                "attenuation_distance": 32
            }
        ]
    },
    "8-6": {
        
        "sounds": [
            {
                "name": "mtr:announce/8-6",
                
                "pitch": 1,
                "attenuation_distance": 32
            }
        ]
    },
    "9": {
        
        "sounds": [
            {
                "name": "mtr:announce/9",
                
                "pitch": 1,
                "attenuation_distance": 32
            }
        ]
    },
    "10": {
        
        "sounds": [
            {
                "name": "mtr:announce/10",
                
                "pitch": 1,
                "attenuation_distance": 32
            }
        ]
    },
    "10-1": {
        
        "sounds": [
            {
                "name": "mtr:announce/10-1",
                
                "pitch": 1,
                "attenuation_distance": 32
            }
        ]
    },
    "11": {
        
        "sounds": [
            {
                "name": "mtr:announce/11",
                
                "pitch": 1,
                "attenuation_distance": 32
            }
        ]
    },
    "12": {
        
        "sounds": [
            {
                "name": "mtr:announce/12",
                
                "pitch": 1,
                "attenuation_distance": 32
            }
        ]
    },


    "14": {
        
        "sounds": [
            {
                "name": "mtr:announce/14",
                
                "pitch": 1,
                "attenuation_distance": 32
            }
        ]
    },
    "15": {
        
        "sounds": [
            {
                "name": "mtr:announce/15",
                
                "pitch": 1,
                "attenuation_distance": 32
            }
        ]
    },
    "16": {
        
        "sounds": [
            {
                "name": "mtr:announce/16",
                
                "pitch": 1,
                "attenuation_distance": 32
            }
        ]
    },
    "16-1": {
        
        "sounds": [
            {
                "name": "mtr:announce/16-1",
                
                "pitch": 1,
                "attenuation_distance": 32
            }
        ]
    },
    "17": {
        
        "sounds": [
            {
                "name": "mtr:announce/17",
                
                "pitch": 1,
                "attenuation_distance": 32
            }
        ]
    },
    "e13": {
        
        "sounds": [
            {
                "name": "mtr:announce/e13",
                
                "pitch": 1,
                "attenuation_distance": 32
            }
        ]
    },
    "e18": {
        
        "sounds": [
            {
                "name": "mtr:announce/e18",
                
                "pitch": 1,
                "attenuation_distance": 32
            }
        ]
    },
    "e18-1": {
        
        "sounds": [
            {
                "name": "mtr:announce/e18-1",
                
                "pitch": 1,
                "attenuation_distance": 32
            }
        ]
    }
}