{"transport_mode":"TRAIN","length":19,"width":2,"door_max":11,"parts":[{"name":"outside","stage":"EXTERIOR","mirror":false,"skip_rendering_if_too_far":false,"door_offset":"NONE","render_condition":"ALL","positions":[[0.0,-20.0]],"whitelisted_cars":"1,2,3","blacklisted_cars":"%2,%2+1"},{"name":"UP_PANTA","stage":"EXTERIOR","mirror":true,"skip_rendering_if_too_far":false,"door_offset":"NONE","render_condition":"ALL","positions":[[0.0,250.0]],"whitelisted_cars":"1","blacklisted_cars":"%2,%2+1"},{"name":"inside_stuck","stage":"INTERIOR","mirror":false,"skip_rendering_if_too_far":true,"door_offset":"NONE","render_condition":"ALL","positions":[[0.0,-20.0]],"whitelisted_cars":"1,2,3","blacklisted_cars":"%2,%2+1"},{"name":"inside","stage":"INTERIOR","mirror":false,"skip_rendering_if_too_far":false,"door_offset":"NONE","render_condition":"ALL","positions":[[0.0,-20.0]],"whitelisted_cars":"1,2,3","blacklisted_cars":"%2,%2+1"},{"name":"light","stage":"LIGHTS","mirror":false,"skip_rendering_if_too_far":false,"door_offset":"NONE","render_condition":"ALL","positions":[[0.0,-20.0]],"whitelisted_cars":"1,2,3","blacklisted_cars":"%2,%2+1"},{"name":"UD511_1","stage":"EXTERIOR","mirror":false,"skip_rendering_if_too_far":false,"door_offset":"NONE","render_condition":"ALL","positions":[[0.0,-20.0]],"whitelisted_cars":"1","blacklisted_cars":"%2,%2+1"},{"name":"makutype_r","stage":"EXTERIOR","mirror":false,"skip_rendering_if_too_far":false,"door_offset":"NONE","render_condition":"ALL","positions":[[0.0,-20.0]],"whitelisted_cars":"1,2,3","blacklisted_cars":"%2,%2+1","display":{"x_padding":0.1,"y_padding":0.1,"cjk_size_ratio":0.0,"type":"ROUTE_NUMBER","color_cjk":"F5A9B9","color":"F5A9B9","should_scroll":false,"force_upper_case":false,"force_single_line":true}},{"name":"maku_type_l","stage":"EXTERIOR","mirror":false,"skip_rendering_if_too_far":false,"door_offset":"NONE","render_condition":"ALL","positions":[[0.0,-20.0]],"whitelisted_cars":"1,2,3","blacklisted_cars":"%2,%2+1","display":{"x_padding":0.1,"y_padding":0.1,"cjk_size_ratio":0,"type":"ROUTE_NUMBER","color_cjk":"F5A9B9","color":"F5A9B9","should_scroll":false,"force_upper_case":false,"force_single_line":true}},{"name":"maku_l","stage":"EXTERIOR","mirror":false,"skip_rendering_if_too_far":false,"door_offset":"NONE","render_condition":"ALL","positions":[[0.0,-20.0]],"whitelisted_cars":"1,2,3","blacklisted_cars":"%2,%2+1","display":{"x_padding":0.1,"y_padding":0.1,"cjk_size_ratio":0,"type":"DESTINATION","color_cjk":"FF9900","color":"FF9900","should_scroll":false,"force_upper_case":true,"force_single_line":true}},{"name":"maku_r","stage":"EXTERIOR","mirror":false,"skip_rendering_if_too_far":false,"door_offset":"NONE","render_condition":"ALL","positions":[[0.0,-20.0]],"whitelisted_cars":"1,2,3","blacklisted_cars":"%2,%2+1","display":{"x_padding":0.1,"y_padding":0.1,"cjk_size_ratio":0,"type":"DESTINATION","color_cjk":"FF9900","color":"FF9900","should_scroll":false,"force_upper_case":false,"force_single_line":true}},{"name":"makufront","stage":"EXTERIOR","mirror":false,"skip_rendering_if_too_far":false,"door_offset":"NONE","render_condition":"ALL","positions":[[0.0,-20.0]],"whitelisted_cars":"1","blacklisted_cars":"%2,%2+1","display":{"x_padding":0.05,"y_padding":0.05,"cjk_size_ratio":0,"type":"DESTINATION","color_cjk":"FF9900","color":"FF9900","should_scroll":false,"force_upper_case":false,"force_single_line":true}},{"name":"makufront_type","stage":"EXTERIOR","mirror":false,"skip_rendering_if_too_far":false,"door_offset":"NONE","render_condition":"ALL","positions":[[0.0,-20.0]],"whitelisted_cars":"1","blacklisted_cars":"%2,%2+1","display":{"x_padding":0.1,"y_padding":0.1,"cjk_size_ratio":0,"type":"ROUTE_NUMBER","color_cjk":"F5A9B9","color":"F5A9B9","should_scroll":false,"force_upper_case":false,"force_single_line":true}},{"name":"DOOR_LL","stage":"EXTERIOR","mirror":false,"skip_rendering_if_too_far":false,"door_offset":"LEFT_NEGATIVE","render_condition":"ALL","positions":[[0.0,-20.0]],"whitelisted_cars":"1,2,3","blacklisted_cars":"%2,%2+1"},{"name":"DOOR_LR","stage":"EXTERIOR","mirror":false,"skip_rendering_if_too_far":false,"door_offset":"LEFT_POSITIVE","render_condition":"ALL","positions":[[0.0,-20.0]],"whitelisted_cars":"1,2,3","blacklisted_cars":"%2,%2+1"},{"name":"DOOR_RR","stage":"EXTERIOR","mirror":false,"skip_rendering_if_too_far":false,"door_offset":"RIGHT_NEGATIVE","render_condition":"ALL","positions":[[0.0,-20.0]],"whitelisted_cars":"1,2,3","blacklisted_cars":"%2,%2+1"},{"name":"DOOR_RL","stage":"EXTERIOR","mirror":false,"skip_rendering_if_too_far":false,"door_offset":"RIGHT_POSITIVE","render_condition":"ALL","positions":[[0.0,-20.0]],"whitelisted_cars":"1,2,3","blacklisted_cars":"%2,%2+1"},{"name":"i_DOOR_LL","stage":"INTERIOR","mirror":false,"skip_rendering_if_too_far":false,"door_offset":"LEFT_NEGATIVE","render_condition":"ALL","positions":[[0.0,-20.0]],"whitelisted_cars":"1,2,3","blacklisted_cars":"%2,%2+1"},{"name":"i_DOOR_LR","stage":"INTERIOR","mirror":false,"skip_rendering_if_too_far":false,"door_offset":"LEFT_POSITIVE","render_condition":"ALL","positions":[[0.0,-20.0]],"whitelisted_cars":"1,2,3","blacklisted_cars":"%2,%2+1"},{"name":"i_DOOR_RL","stage":"INTERIOR","mirror":false,"skip_rendering_if_too_far":false,"door_offset":"RIGHT_POSITIVE","render_condition":"ALL","positions":[[0.0,-20.0]],"whitelisted_cars":"1,2,3","blacklisted_cars":"%2,%2+1"},{"name":"i_DOOR_RR","stage":"INTERIOR","mirror":false,"skip_rendering_if_too_far":false,"door_offset":"RIGHT_NEGATIVE","render_condition":"ALL","positions":[[0.0,-20.0]],"whitelisted_cars":"1,2,3","blacklisted_cars":"%2,%2+1"},{"name":"UP_PANTA","stage":"EXTERIOR","mirror":true,"skip_rendering_if_too_far":false,"door_offset":"NONE","render_condition":"ALL","positions":[[0.0,250.0]],"whitelisted_cars":"1","blacklisted_cars":"%2,%2+1"},{"name":"inside_maku","stage":"INTERIOR","mirror":false,"skip_rendering_if_too_far":false,"door_offset":"NONE","render_condition":"ALL","positions":[[0.0,-20.0]],"whitelisted_cars":"1,2,3","blacklisted_cars":"%2,%2+1","display":{"x_padding":0.0,"y_padding":0.0,"cjk_size_ratio":0,"type":"NEXT_STATION_UK","color_cjk":"FF9900","color":"FF9900","should_scroll":true,"force_upper_case":true,"force_single_line":true}},{"name":"inside_maku","stage":"INTERIOR","mirror":true,"skip_rendering_if_too_far":false,"door_offset":"NONE","render_condition":"ALL","positions":[[0.0,0.0]],"whitelisted_cars":"4","blacklisted_cars":"%2,%2+1","display":{"x_padding":0.0,"y_padding":0.0,"cjk_size_ratio":0.0,"type":"NEXT_STATION_UK","color_cjk":"FF9900","color":"FF9900","should_scroll":true,"force_upper_case":true,"force_single_line":true}},{"name":"outside","stage":"EXTERIOR","mirror":true,"skip_rendering_if_too_far":false,"door_offset":"NONE","render_condition":"ALL","positions":[[0.0,0.0]],"whitelisted_cars":"4","blacklisted_cars":"%2,%2+1"},{"name":"inside_stuck","stage":"INTERIOR","mirror":true,"skip_rendering_if_too_far":true,"door_offset":"NONE","render_condition":"ALL","positions":[[0.0,0.0]],"whitelisted_cars":"4","blacklisted_cars":"%2,%2+1"},{"name":"inside","stage":"INTERIOR","mirror":true,"skip_rendering_if_too_far":false,"door_offset":"NONE","render_condition":"ALL","positions":[[0.0,0.0]],"whitelisted_cars":"4","blacklisted_cars":"%2,%2+1"},{"name":"light","stage":"LIGHTS","mirror":true,"skip_rendering_if_too_far":false,"door_offset":"NONE","render_condition":"ALL","positions":[[0.0,0.0]],"whitelisted_cars":"4","blacklisted_cars":"%2,%2+1"},{"name":"UD511_2","stage":"EXTERIOR","mirror":true,"skip_rendering_if_too_far":false,"door_offset":"NONE","render_condition":"ALL","positions":[[0.0,0.0]],"whitelisted_cars":"4","blacklisted_cars":"%2,%2+1"},{"name":"makutype_r","stage":"EXTERIOR","mirror":true,"skip_rendering_if_too_far":false,"door_offset":"NONE","render_condition":"ALL","positions":[[0.0,0.0]],"whitelisted_cars":"4","blacklisted_cars":"%2,%2+1","display":{"x_padding":0.1,"y_padding":0.1,"cjk_size_ratio":0,"type":"ROUTE_NUMBER","color_cjk":"F5A9B9","color":"F5A9B9","should_scroll":false,"force_upper_case":false,"force_single_line":true}},{"name":"maku_type_l","stage":"EXTERIOR","mirror":true,"skip_rendering_if_too_far":false,"door_offset":"NONE","render_condition":"ALL","positions":[[0.0,0.0]],"whitelisted_cars":"4","blacklisted_cars":"%2,%2+1","display":{"x_padding":0.1,"y_padding":0.1,"cjk_size_ratio":0,"type":"ROUTE_NUMBER","color_cjk":"F5A9B9","color":"F5A9B9","should_scroll":false,"force_upper_case":false,"force_single_line":true}},{"name":"maku_l","stage":"EXTERIOR","mirror":true,"skip_rendering_if_too_far":false,"door_offset":"NONE","render_condition":"ALL","positions":[[0.0,0.0]],"whitelisted_cars":"4","blacklisted_cars":"%2,%2+1","display":{"x_padding":0.1,"y_padding":0.1,"cjk_size_ratio":0.0,"type":"DESTINATION","color_cjk":"FF9900","color":"FF9900","should_scroll":false,"force_upper_case":false,"force_single_line":true}},{"name":"maku_r","stage":"EXTERIOR","mirror":true,"skip_rendering_if_too_far":false,"door_offset":"NONE","render_condition":"ALL","positions":[[0.0,0.0]],"whitelisted_cars":"4","blacklisted_cars":"%2,%2+1","display":{"x_padding":0.1,"y_padding":0.1,"cjk_size_ratio":0.0,"type":"DESTINATION","color_cjk":"FF9900","color":"FF9900","should_scroll":false,"force_upper_case":false,"force_single_line":true}},{"name":"makufront","stage":"EXTERIOR","mirror":true,"skip_rendering_if_too_far":false,"door_offset":"NONE","render_condition":"ALL","positions":[[0.0,0.0]],"whitelisted_cars":"4","blacklisted_cars":"%2,%2+1","display":{"x_padding":0.05,"y_padding":0.05,"cjk_size_ratio":0.0,"type":"DESTINATION","color_cjk":"FF9900","color":"FF9900","should_scroll":false,"force_upper_case":false,"force_single_line":true}},{"name":"makufront_type","stage":"EXTERIOR","mirror":true,"skip_rendering_if_too_far":false,"door_offset":"NONE","render_condition":"ALL","positions":[[0.0,0.0]],"whitelisted_cars":"4","blacklisted_cars":"%2,%2+1","display":{"x_padding":0.1,"y_padding":0.1,"cjk_size_ratio":0.0,"type":"ROUTE_NUMBER","color_cjk":"F5A9B9","color":"F5A9B9","should_scroll":false,"force_upper_case":false,"force_single_line":true}},{"name":"DOOR_LL","stage":"EXTERIOR","mirror":true,"skip_rendering_if_too_far":false,"door_offset":"RIGHT_NEGATIVE","render_condition":"ALL","positions":[[0.0,0.0]],"whitelisted_cars":"4","blacklisted_cars":"%2,%2+1"},{"name":"DOOR_LR","stage":"EXTERIOR","mirror":true,"skip_rendering_if_too_far":false,"door_offset":"RIGHT_POSITIVE","render_condition":"ALL","positions":[[0.0,0.0]],"whitelisted_cars":"4","blacklisted_cars":"%2,%2+1"},{"name":"DOOR_RR","stage":"EXTERIOR","mirror":true,"skip_rendering_if_too_far":false,"door_offset":"LEFT_NEGATIVE","render_condition":"ALL","positions":[[0.0,0.0]],"whitelisted_cars":"4","blacklisted_cars":"%2,%2+1"},{"name":"DOOR_RL","stage":"EXTERIOR","mirror":true,"skip_rendering_if_too_far":false,"door_offset":"LEFT_POSITIVE","render_condition":"ALL","positions":[[0.0,0.0]],"whitelisted_cars":"4","blacklisted_cars":"%2,%2+1"},{"name":"i_DOOR_RR","stage":"INTERIOR","mirror":true,"skip_rendering_if_too_far":false,"door_offset":"LEFT_NEGATIVE","render_condition":"ALL","positions":[[0.0,0.0]],"whitelisted_cars":"4","blacklisted_cars":"%2,%2+1"},{"name":"i_DOOR_RL","stage":"INTERIOR","mirror":true,"skip_rendering_if_too_far":false,"door_offset":"LEFT_POSITIVE","render_condition":"ALL","positions":[[0.0,0.0]],"whitelisted_cars":"4","blacklisted_cars":"%2,%2+1"},{"name":"i_DOOR_LR","stage":"INTERIOR","mirror":true,"skip_rendering_if_too_far":false,"door_offset":"RIGHT_POSITIVE","render_condition":"ALL","positions":[[0.0,0.0]],"whitelisted_cars":"4","blacklisted_cars":"%2,%2+1"},{"name":"i_DOOR_LL","stage":"INTERIOR","mirror":true,"skip_rendering_if_too_far":false,"door_offset":"RIGHT_NEGATIVE","render_condition":"ALL","positions":[[0.0,0.0]],"whitelisted_cars":"4","blacklisted_cars":"%2,%2+1"},{"name":"UD_Module_Outside","stage":"EXTERIOR","mirror":false,"skip_rendering_if_too_far":false,"door_offset":"NONE","render_condition":"ALL","positions":[[0.0,-20.0]],"whitelisted_cars":"1","blacklisted_cars":"%2,%2+1"},{"name":"UD_Module_Outside","stage":"EXTERIOR","mirror":true,"skip_rendering_if_too_far":false,"door_offset":"NONE","render_condition":"ALL","positions":[[0.0,0.0]],"whitelisted_cars":"4","blacklisted_cars":"%2,%2+1"},{"name":"UD_Module_Light","stage":"ALWAYS_ON_LIGHTS","mirror":false,"skip_rendering_if_too_far":false,"door_offset":"NONE","render_condition":"ALL","positions":[[0.0,-20.0]],"whitelisted_cars":"1","blacklisted_cars":"%2,%2+1"},{"name":"UD_Module_Light","stage":"ALWAYS_ON_LIGHTS","mirror":true,"skip_rendering_if_too_far":false,"door_offset":"NONE","render_condition":"ALL","positions":[[0.0,0.0]],"whitelisted_cars":"4","blacklisted_cars":"%2,%2+1"},{"name":"UD_Module_Inside","stage":"INTERIOR","mirror":false,"skip_rendering_if_too_far":false,"door_offset":"NONE","render_condition":"ALL","positions":[[0.0,-20.0]],"whitelisted_cars":"1","blacklisted_cars":"%2,%2+1"},{"name":"UD_Module_Inside","stage":"INTERIOR","mirror":true,"skip_rendering_if_too_far":false,"door_offset":"NONE","render_condition":"ALL","positions":[[0.0,0.0]],"whitelisted_cars":"4","blacklisted_cars":"%2,%2+1"},{"name":"UD_Marker","stage":"EXTERIOR","mirror":false,"skip_rendering_if_too_far":false,"door_offset":"NONE","render_condition":"ALL","positions":[[0.0,-20.0]],"whitelisted_cars":"1","blacklisted_cars":"%2,%2+1"},{"name":"UD_Marker","stage":"EXTERIOR","mirror":true,"skip_rendering_if_too_far":false,"door_offset":"NONE","render_condition":"ALL","positions":[[0.0,0.0]],"whitelisted_cars":"4","blacklisted_cars":"%2,%2+1"},{"name":"UT_Module","stage":"EXTERIOR","mirror":false,"skip_rendering_if_too_far":false,"door_offset":"NONE","render_condition":"ALL","positions":[[0.0,-20.0]],"whitelisted_cars":"2,3","blacklisted_cars":"%2,%2+1"},{"name":"UT507","stage":"EXTERIOR","mirror":false,"skip_rendering_if_too_far":false,"door_offset":"NONE","render_condition":"ALL","positions":[[0.0,0.0]],"whitelisted_cars":"2,3","blacklisted_cars":"%2,%2+1"},{"name":"UP_PANTA","stage":"EXTERIOR","mirror":true,"skip_rendering_if_too_far":false,"door_offset":"NONE","render_condition":"ALL","positions":[[0.0,250.0]],"whitelisted_cars":"3","blacklisted_cars":"%2,%2+1"}]}